1101   ,1102   ,1216   ,1301   ,1303   ,1326   ,1402   ,1722   ,2002   ,2105   ,2301   ,2303   ,2308   ,2311   ,2317   ,2324   ,2325   ,2330   ,2347   ,2353   ,2354   ,2357   ,2382   ,2408   ,2409   ,2412   ,2454   ,2498   ,2603   ,2801   ,2880   ,2881   ,2882   ,2883   ,2885   ,2886   ,2888   ,2890   ,2891   ,2892   ,2912   ,3045   ,3231   ,3481   ,4904   ,5854   ,6505   ,8046   ,9904   ,
   21.96,   19.58,   17.66,   38.75,   30.56,   35.25,   21.96,   76.87,   21.47,   22.70,   20.74,   10.49,   64.32,   12.57,   48.11,   18.41,   27.94,   44.02,   33.37,   54.82,   52.08,  117.81,   38.27,  137.09,   30.67,   50.11,  332.52,  272.86,   16.57,    8.39,   10.03,   21.61,   32.55,    5.61,   16.05,   11.17,   10.39,    6.06,    9.12,   10.17,   58.27,   35.54,   26.22,   37.12,   25.59,   16.15,   58.98,   79.51,   15.15,
   22.59,   19.69,   17.71,   39.71,   31.18,   36.14,   21.96,   76.50,   21.47,   22.94,   19.77,    9.78,   63.72,   12.03,   46.84,   18.06,   27.43,   43.49,   33.47,   55.15,   51.17,  115.51,   36.91,  142.62,   30.42,   49.41,  317.12,  253.81,   17.70,    8.34,    9.93,   21.23,   32.04,    5.64,   15.91,   11.36,   10.39,    6.17,    9.28,    9.99,   58.62,   35.19,   26.37,   36.68,   25.00,   15.95,   58.67,   79.14,   15.56,
   23.19,   19.58,   17.55,   40.47,   31.21,   36.21,   22.11,   75.40,   20.96,   22.31,   19.19,    9.53,   63.05,   12.28,   46.21,   17.36,   26.78,   42.96,   32.74,   54.98,   50.32,  113.45,   36.91,  139.62,   29.34,   49.50,  331.82,  240.26,   17.53,    8.08,    9.67,   21.01,   31.48,    5.45,   15.00,   10.88,    9.97,    5.86,    8.76,    9.62,   58.34,   35.12,   26.05,   34.86,   24.93,   15.68,   58.51,   82.10,   15.70,
   23.48,   19.75,   17.19,   40.61,   31.14,   36.62,   21.66,   74.30,   21.16,   22.47,   19.62,    9.88,   64.83,   12.44,   46.00,   17.62,   26.91,   42.88,   33.37,   56.46,   49.17,  115.51,   38.20,  132.94,   29.09,   49.41,  331.12,  251.25,   17.28,    8.14,    9.72,   21.68,   31.29,    5.42,   15.10,   11.36,    9.73,    5.89,    9.01,    9.62,   58.62,   35.47,   27.37,   34.86,   25.00,   15.80,   58.36,   82.47,   15.39,
   24.17,   20.30,   16.85,   40.20,   31.65,   36.76,   21.57,   72.91,   21.16,   22.66,   19.91,    9.85,   63.35,   12.09,   45.15,   18.18,   26.69,   43.64,   33.00,   56.30,   48.26,  116.89,   37.43,  138.24,   28.25,   48.81,  346.52,  249.05,   16.91,    8.22,    9.67,   21.23,   30.82,    5.42,   15.37,   11.49,    9.85,    5.72,    8.85,    9.74,   58.75,   35.33,   27.88,   34.94,   25.03,   15.84,   58.82,   80.62,   15.60,
   23.92,   21.05,   16.27,   40.54,   31.57,   38.61,   21.06,   73.57,   20.86,   22.39,   20.14,    9.92,   63.05,   12.71,   45.79,   18.06,   27.20,   43.11,   34.62,   56.30,   50.63,  117.58,   36.85,  135.24,   28.59,   48.38,  350.02,  256.37,   16.49,    8.22,    9.77,   20.60,   30.28,    5.50,   14.90,   11.36,    9.81,    5.59,    8.94,    9.82,   58.27,   35.19,   27.37,   34.77,   24.96,   15.91,   59.29,   81.36,   15.74,
   23.41,   21.08,   16.85,   40.75,   32.19,   38.41,   21.18,   71.30,   20.69,   22.43,   19.54,    9.74,   62.91,   12.17,   44.73,   18.93,   26.85,   43.41,   34.86,   56.96,   49.84,  118.95,   38.20,  137.09,   30.19,   48.46,  349.32,  251.98,   16.32,    8.11,    9.67,   20.03,   30.12,    5.45,   14.70,   11.07,    9.64,    5.53,    8.76,    9.62,   58.54,   35.26,   27.19,   36.16,   25.06,   15.88,   58.82,   80.25,   15.46,
   23.35,   20.97,   17.24,   41.71,   34.11,   39.09,   21.36,   73.47,   21.13,   23.09,   20.02,    9.92,   63.80,   12.52,   46.42,   19.17,   27.49,   44.24,   36.21,   57.62,   50.99,  118.72,   39.30,  137.09,   30.58,   48.89,  349.32,  254.91,   16.82,    8.25,    9.93,   20.38,   31.19,    5.57,   15.06,   11.30,   10.01,    5.92,    9.17,    9.72,   59.10,   36.31,   27.42,   36.77,   25.26,   16.11,   59.90,   82.10,   15.84,
   24.11,   21.08,   17.61,   43.09,   35.30,   39.71,   22.59,   72.72,   21.30,   22.90,   21.11,    9.92,   66.76,   13.03,   45.57,   18.99,   27.20,   44.47,   35.80,   58.52,   50.32,  123.08,   40.59,  137.09,   30.84,   48.89,  338.47,  252.71,   17.70,    8.16,    9.93,   20.28,   31.00,    5.57,   15.03,   11.33,    9.89,    5.81,    9.03,    9.74,   60.29,   36.60,   27.33,   36.89,   25.26,   16.15,   61.30,   83.21,   15.67,
   23.53,   20.97,   17.34,   42.06,   34.32,   38.75,   21.72,   71.60,   20.96,   22.55,   20.92,    9.78,   65.43,   12.49,   44.10,   19.22,   26.40,   43.64,   35.45,   57.62,   49.54,  121.70,   38.98,  137.09,   30.15,   48.46,  336.72,  248.32,   17.49,    7.99,    9.75,   19.97,   30.22,    5.45,   14.55,   10.94,    9.69,    5.67,    8.83,    9.57,   61.32,   36.24,   26.28,   36.03,   24.83,   15.84,   60.06,   83.58,   14.59,
   23.14,   20.58,   17.61,   41.02,   33.46,   37.99,   21.06,   69.21,   20.63,   21.88,   20.35,    9.31,   64.09,   12.30,   44.31,   18.53,   26.65,   43.49,   33.21,   56.38,   49.17,  121.73,   38.46,  137.09,   29.19,   48.46,  331.12,  244.65,   17.49,    7.96,    9.65,   19.55,   30.03,    5.38,   14.21,   10.72,    9.27,    5.56,    8.59,    9.32,   60.69,   35.54,   24.91,   34.91,   24.76,   15.55,   60.37,   82.10,   14.35,
   22.65,   20.17,   17.72,   40.47,   33.31,   37.31,   20.64,   68.39,   20.49,   21.80,   20.26,    9.49,   62.83,   12.76,   44.73,   18.53,   26.40,   43.34,   34.33,   55.97,   49.41,  123.64,   38.01,  137.09,   29.28,   48.20,  330.42,  247.95,   17.49,    8.05,    9.49,   19.59,   29.78,    5.33,   14.48,   10.82,    9.11,    5.52,    8.47,    9.32,   60.92,   35.89,   25.13,   34.68,   24.53,   15.46,   59.98,   82.84,   14.56,
   22.62,   20.25,   17.58,   40.20,   33.31,   36.62,   20.64,   68.99,   19.92,   21.17,   20.83,    9.28,   62.46,   13.11,   45.15,   18.71,   26.59,   43.56,   34.45,   55.97,   49.05,  124.83,   37.82,  137.09,   29.15,   48.38,  333.92,  244.65,   17.07,    7.91,    9.34,   19.33,   29.27,    5.22,   14.18,   10.50,    8.82,    5.48,    8.16,    9.09,   60.77,   36.10,   25.23,   34.86,   24.26,   15.17,   59.98,   83.58,   13.83,
   21.64,   19.89,   18.13,   40.89,   32.44,   36.76,   20.46,   67.72,   19.55,   21.56,   20.83,    9.06,   60.46,   13.57,   44.31,   18.59,   26.33,   42.88,   33.98,   56.71,   48.75,  124.11,   38.40,  137.09,   28.89,   48.55,  322.72,  243.19,   16.74,    7.73,    9.29,   19.02,   28.74,    5.18,   14.21,   10.34,    8.82,    5.31,    8.03,    8.84,   60.61,   35.68,   24.68,   34.46,   24.43,   14.93,   60.14,   85.80,   13.62,
   22.62,   20.52,   18.36,   42.54,   33.35,   39.03,   21.48,   72.42,   20.39,   22.66,   21.58,    9.67,   61.57,   13.28,   46.42,   19.02,   26.72,   44.09,   35.56,   57.62,   49.60,  124.11,   40.46,  137.09,   29.32,   48.46,  323.07,  247.58,   16.91,    8.02,    9.49,   19.62,   30.34,    5.37,   14.72,   11.04,    9.11,    5.67,    8.36,    9.14,   61.08,   35.54,   25.55,   34.82,   25.06,   15.46,   61.07,   86.54,   13.90,
   22.68,   20.79,   18.13,   42.06,   32.73,   38.82,   21.41,   73.47,   20.16,   22.58,   21.64,    9.74,   62.09,   12.82,   46.21,   19.63,   26.20,   44.32,   35.03,   58.44,   49.66,  125.31,   43.23,  137.09,   28.72,   48.12,  327.62,  243.19,   17.12,    7.93,    9.36,   19.33,   29.93,    5.25,   14.31,   10.69,    8.90,    5.53,    8.18,    8.94,   61.24,   35.61,   27.14,   34.23,   24.60,   15.17,   61.30,   86.54,   14.31,
   22.29,   20.76,   18.11,   41.37,   32.73,   38.20,   20.34,   70.11,   19.82,   22.82,   21.79,    9.78,   62.61,   12.33,   45.36,   19.87,   25.72,   44.54,   33.68,   58.85,   49.35,  125.07,   44.58,  127.65,   27.85,   48.38,  319.92,  238.06,   16.82,    7.82,    9.26,   19.14,   29.43,    5.15,   14.04,   10.53,    8.74,    5.48,    8.16,    8.74,   60.29,   35.82,   28.06,   33.02,   24.53,   14.93,   60.76,   83.53,   13.93,
   22.32,   20.49,   17.86,   40.96,   32.33,   37.79,   19.59,   70.48,   19.75,   22.58,   21.01,    9.60,   61.79,   12.33,   46.00,   19.63,   25.75,   44.39,   33.09,   58.27,   49.48,  123.64,   43.36,  122.62,   27.98,   48.72,  323.77,  238.79,   16.66,    7.76,    9.16,   19.14,   29.02,    5.09,   13.70,   10.43,    8.65,    5.42,    8.05,    8.72,   59.66,   35.61,   27.24,   33.11,   24.60,   14.80,   60.60,   81.12,   13.97,
   22.81,   20.73,   18.25,   41.71,   32.88,   39.16,   20.03,   70.78,   19.99,   24.15,   22.24,    9.63,   65.65,   12.98,   46.84,   20.06,   26.56,   44.92,   33.62,   60.33,   50.02,  125.55,   44.52,  123.78,   28.67,   49.15,  331.82,  243.56,   16.66,    7.93,    9.34,   19.65,   29.43,    5.29,   14.24,   10.69,    8.86,    5.50,    8.39,    8.92,   60.53,   35.96,   28.47,   33.47,   24.86,   15.09,   61.07,   83.53,   14.31,
   23.34,   21.12,   18.85,   40.82,   33.17,   39.64,   20.60,   71.15,   20.09,   24.62,   22.12,    9.63,   65.28,   12.71,   46.84,   20.37,   26.52,   44.70,   33.80,   61.73,   50.93,  125.07,   43.94,  131.52,   28.76,   48.81,  334.62,  242.46,   16.57,    7.91,    9.23,   19.49,   28.99,    5.28,   13.84,   10.50,    9.31,    5.46,    8.16,    8.89,   60.13,   36.38,   29.16,   33.15,   24.70,   15.01,   60.52,   86.34,   14.18,
   23.37,   21.15,   19.52,   41.16,   33.27,   39.64,   21.13,   74.06,   20.22,   25.45,   23.32,    9.99,   67.43,   13.19,   50.01,   20.58,   27.04,   46.05,   35.50,   61.40,   53.05,  126.26,   46.38,  136.93,   29.06,   49.24,  357.72,  253.08,   16.41,    8.05,    9.39,   19.71,   30.19,    5.43,   14.21,   10.94,    9.52,    5.72,    8.41,    9.22,   60.69,   36.38,   29.25,   34.64,   25.13,   15.34,   61.84,   89.96,   14.59,
   23.21,   20.88,   20.01,   41.02,   32.84,   39.44,   21.35,   73.91,   19.89,   25.25,   23.35,   10.20,   67.73,   13.14,   51.90,   20.37,   27.43,   45.00,   35.45,   62.97,   52.57,  126.50,   45.61,  138.87,   28.37,   48.81,  352.82,  255.28,   16.41,    8.05,    9.44,   20.03,   30.47,    5.49,   14.82,   10.94,    9.44,    5.86,    8.63,    9.34,   60.05,   36.03,   28.79,   36.12,   24.86,   15.67,   61.76,   89.56,   14.45,
   23.21,   20.97,   20.29,   41.65,   32.41,   38.89,   21.41,   74.44,   20.29,   27.02,   23.68,   10.35,   67.73,   14.06,   51.06,   21.19,   28.65,   45.15,   36.03,   64.20,   52.57,  129.60,   45.10,  140.80,   29.02,   48.98,  361.92,  253.81,   16.91,    8.11,    9.49,   20.54,   30.78,    5.50,   14.92,   11.01,    9.31,    5.89,    8.74,    9.39,   61.72,   35.96,   28.33,   36.03,   24.76,   15.75,   61.92,   91.57,   14.87,
   23.14,   21.03,   20.15,   41.37,   32.41,   39.37,   21.85,   73.09,   20.19,   26.90,   25.18,   10.88,   68.10,   13.84,   51.90,   22.64,   28.97,   45.30,   35.97,   65.76,   53.66,  130.32,   45.87,  145.05,   28.85,   49.07,  370.32,  268.83,   16.70,    8.19,    9.65,   20.66,   30.88,    5.68,   15.09,   11.20,    9.52,    5.95,    8.88,    9.49,   61.24,   36.53,   28.24,   36.03,   24.76,   15.71,   61.92,   97.59,   14.90,
   23.40,   21.24,   19.96,   41.51,   32.37,   39.23,   22.38,   73.84,   20.56,   27.33,   24.55,   11.42,   69.06,   13.87,   52.12,   23.00,   29.10,   46.81,   36.44,   65.27,   53.84,  134.38,   45.68,  144.67,   28.59,   49.07,  362.62,  271.02,   16.66,    8.25,    9.72,   20.92,   31.79,    5.70,   15.94,   11.49,   10.14,    6.14,    8.98,    9.67,   61.24,   36.31,   28.65,   35.27,   24.63,   15.88,   61.92,   95.18,   14.94,
   23.27,   21.75,   20.26,   42.20,   32.99,   40.19,   23.39,   77.19,   20.79,   28.03,   24.82,   11.52,   69.73,   14.14,   54.01,   23.03,   29.94,   47.34,   37.68,   66.26,   54.02,  135.09,   45.81,  145.05,   29.45,   49.33,  355.62,  266.63,   17.24,    8.31,    9.93,   21.20,   32.29,    5.78,   16.28,   11.55,   10.22,    6.17,    8.93,    9.62,   62.03,   36.60,   29.06,   36.53,   24.70,   16.08,   63.47,   98.79,   14.97,
   23.76,   21.69,   20.73,   42.13,   33.42,   40.19,   23.08,   78.31,   20.59,   26.66,   24.46,   11.42,   68.62,   14.11,   53.17,   23.00,   29.39,   46.81,   38.33,   65.44,   54.87,  133.66,   44.58,  146.99,   28.93,   49.15,  346.52,  256.37,   17.16,    8.16,    9.88,   21.23,   32.42,    5.71,   15.77,   11.55,   10.10,    6.14,    8.98,    9.62,   61.64,   36.38,   28.24,   37.25,   24.63,   15.96,   63.70,   96.38,   14.84,
   24.32,   22.02,   21.29,   43.85,   34.58,   41.98,   23.61,   78.69,   20.93,   26.86,   24.28,   11.10,   69.73,   14.60,   53.17,   22.94,   29.81,   47.94,   37.80,   67.00,   54.57,  136.05,   45.87,  149.70,   29.02,   49.33,  350.02,  254.91,   17.07,    8.31,   10.21,   22.37,   33.55,    5.84,   16.52,   12.06,   10.26,    6.44,    9.16,    9.92,   62.51,   36.45,   28.65,   37.34,   24.80,   16.37,   64.94,   97.19,   14.94,
   23.99,   21.78,   21.26,   43.99,   35.01,   42.94,   23.48,   79.81,   20.69,   27.13,   24.40,   11.45,   69.36,   14.55,   52.33,   23.00,   28.97,   47.11,   37.27,   65.02,   53.72,  134.38,   46.13,  155.50,   28.46,   49.07,  344.42,  257.11,   16.95,    8.42,   10.19,   22.41,   33.68,    5.89,   16.45,   12.48,   10.34,    6.69,    9.39,    9.92,   62.35,   36.45,   28.52,   36.44,   24.73,   16.29,   65.01,   97.99,   14.97,
   23.50,   21.78,   20.95,   44.27,   34.72,   42.87,   23.42,   76.82,   20.29,   26.31,   24.10,   11.06,   67.43,   14.11,   51.69,   22.60,   29.49,   46.43,   37.91,   63.38,   54.69,  131.27,   46.19,  162.46,   27.37,   49.24,  351.42,  257.84,   16.37,    8.31,   10.01,   21.74,   32.99,    5.78,   15.74,   12.26,   10.01,    6.58,    9.18,    9.79,   62.03,   36.60,   28.61,   34.95,   24.80,   16.21,   63.85,   98.39,   14.63,
   23.76,   21.78,   20.84,   44.82,   35.48,   42.74,   23.30,   77.57,   20.63,   26.54,   24.88,   11.10,   67.21,   14.60,   52.96,   23.00,   28.87,   47.19,   38.21,   65.52,   55.24,  133.42,   47.03,  158.59,   27.46,   49.24,  354.22,  259.30,   16.78,    8.37,   10.19,   22.12,   33.30,    5.93,   16.11,   12.22,   10.10,    6.58,    9.21,    9.84,   61.72,   36.53,   28.79,   34.95,   24.93,   16.33,   65.40,   96.38,   14.56,
   23.53,   22.20,   21.34,   46.26,   36.06,   43.56,   23.30,   80.55,   20.79,   26.70,   24.64,   11.35,   68.47,   14.49,   53.80,   23.43,   29.36,   47.34,   38.38,   65.85,   54.75,  137.00,   47.93,  154.72,   27.46,   49.33,  357.02,  261.87,   16.91,    8.45,   10.29,   22.56,   33.74,    5.98,   16.32,   12.61,   10.22,    6.69,    9.23,    9.92,   62.11,   36.95,   28.79,   34.95,   25.00,   16.54,   67.18,   97.59,   14.77,
   23.53,   21.96,   21.29,   46.54,   36.75,   43.42,   23.61,   85.03,   20.83,   26.98,   25.18,   11.31,   68.99,   14.65,   54.44,   23.56,   29.36,   47.19,   38.62,   66.75,   54.20,  139.39,   46.71,  155.50,   27.55,   49.24,  358.42,  263.70,   17.41,    8.45,   10.42,   22.44,   33.99,    6.02,   16.59,   12.96,   10.34,    6.75,    9.67,   10.04,   62.67,   39.41,   28.74,   34.91,   24.93,   16.58,   66.95,   98.79,   14.94,
   23.86,   22.05,   21.29,   45.92,   36.89,   42.46,   23.61,   85.40,   20.76,   27.09,   25.99,   11.20,   69.58,   14.41,   54.44,   24.29,   29.71,   47.34,   38.68,   65.85,   54.81,  139.63,   47.03,  166.33,   28.11,   49.33,  360.52,  264.43,   16.99,    8.51,   10.45,   22.50,   34.12,    6.05,   16.52,   13.15,   10.43,    6.89,    9.90,   10.09,   63.46,   39.13,   29.34,   35.63,   25.16,   16.75,   67.26,   96.38,   14.87,
   23.86,   21.93,   21.01,   46.20,   36.89,   43.08,   23.95,   84.28,   20.42,   26.90,   26.23,   10.92,   68.62,   14.19,   53.38,   23.80,   29.07,   47.04,   39.56,   66.59,   55.60,  137.72,   46.84,  177.93,   28.24,   48.98,  352.12,  267.36,   16.82,    8.39,   10.27,   22.25,   33.49,    6.08,   16.32,   12.86,   10.34,    6.77,    9.78,   10.04,   62.83,   38.85,   28.79,   35.63,   25.06,   16.54,   66.87,   94.38,   14.63,
   23.86,   22.08,   20.62,   46.47,   36.89,   43.22,   23.64,   82.04,   20.16,   26.90,   25.54,   11.20,   67.88,   14.01,   52.12,   23.31,   29.74,   47.19,   40.97,   65.93,   54.93,  136.53,   45.87,  174.07,   28.41,   48.98,  350.72,  263.70,   16.87,    8.42,   10.32,   22.34,   33.81,    6.00,   16.32,   12.93,   10.76,    6.94,    9.74,   10.04,   62.43,   38.57,   28.01,   37.02,   24.73,   16.50,   66.41,   92.77,   14.49,
   23.50,   21.69,   20.29,   45.64,   36.96,   41.91,   23.23,   81.30,   20.16,   25.84,   24.31,   10.99,   68.62,   13.98,   52.75,   23.25,   29.78,   47.04,   40.27,   66.18,   54.57,  135.57,   44.58,  165.94,   28.24,   49.07,  354.92,  264.43,   15.91,    8.34,   10.06,   21.74,   33.05,    5.84,   15.98,   12.54,   10.34,    6.80,    9.81,    9.89,   62.59,   39.90,   26.78,   37.56,   24.86,   16.29,   64.86,   93.17,   14.35,
   23.53,   21.12,   20.29,   43.99,   36.53,   41.22,   22.60,   80.55,   20.16,   25.92,   24.37,   10.81,   67.13,   13.87,   52.33,   22.97,   29.29,   45.90,   39.15,   65.76,   54.45,  134.85,   44.07,  167.49,   27.72,   49.15,  354.92,  262.60,   15.66,    8.16,   10.16,   21.55,   32.61,    5.81,   15.74,   12.38,   10.30,    6.72,    9.62,    9.79,   61.64,   40.11,   27.37,   36.80,   24.73,   16.04,   64.78,   91.16,   14.56,
   23.21,   20.91,   20.18,   44.13,   35.84,   41.22,   22.92,   81.30,   20.09,   26.00,   24.31,   10.85,   66.24,   13.55,   52.33,   22.73,   28.91,   46.13,   39.09,   65.35,   54.33,  134.38,   44.45,  164.39,   27.29,   49.50,  356.32,  257.11,   15.49,    8.31,   10.14,   22.72,   33.36,    5.87,   15.84,   12.45,   10.30,    6.91,    9.78,    9.92,   62.35,   41.73,   28.20,   36.30,   24.80,   16.17,   63.47,   91.16,   14.45,
   23.01,   21.06,   20.24,   44.13,   35.95,   41.57,   23.04,   80.92,   19.99,   25.53,   23.86,   10.81,   64.91,   13.36,   52.12,   21.84,   28.33,   45.83,   38.97,   63.21,   53.60,  128.65,   43.16,  160.14,   26.72,   49.85,  355.62,  249.05,   15.57,    8.25,   10.11,   22.37,   33.11,    5.84,   15.77,   12.42,   10.14,    7.05,    9.41,    9.89,   61.88,   41.94,   26.96,   35.13,   24.83,   16.12,   64.86,   87.55,   14.21,
   23.34,   21.12,   20.68,   44.82,   37.61,   41.77,   22.86,   83.53,   20.36,   25.68,   24.70,   11.20,   67.88,   13.60,   53.59,   22.27,   28.97,   48.09,   39.91,   66.18,   54.51,  131.04,   43.36,  155.50,   27.46,   50.28,  362.62,  257.11,   15.74,    8.42,   10.32,   22.69,   33.68,    5.96,   15.94,   12.86,   10.55,    7.30,    9.58,   10.04,   62.51,   41.94,   27.19,   35.90,   25.00,   16.41,   65.55,   89.56,   14.42,
   23.60,   21.66,   20.95,   45.16,   38.05,   42.46,   23.67,   85.77,   20.09,   26.66,   25.27,   11.24,   67.88,   14.30,   54.44,   22.97,   29.23,   48.70,   40.27,   67.49,   55.30,  131.75,   43.49,  158.59,   27.07,   50.11,  375.22,  258.57,   15.41,    8.48,   10.42,   23.01,   33.62,    5.95,   16.18,   13.02,   10.55,    7.30,    9.60,    9.99,   62.51,   41.87,   27.33,   36.80,   25.00,   16.37,   65.17,   89.56,   14.45,
   24.32,   21.93,   20.57,   45.64,   38.55,   43.08,   24.39,   87.64,   20.32,   26.35,   24.97,   11.42,   68.02,   14.28,   54.44,   22.70,   29.71,   49.07,   40.32,   67.58,   55.36,  129.84,   42.33,  159.37,   26.94,   49.93,  375.22,  255.28,   15.16,    8.54,   10.55,   23.58,   34.56,    5.98,   16.79,   13.31,   11.13,    7.44,    9.83,   10.24,   60.53,   41.45,   27.42,   36.48,   24.96,   16.62,   65.40,   92.37,   14.70,
   24.19,   21.78,   20.15,   44.54,   37.25,   41.84,   23.58,   82.79,   20.09,   25.80,   24.40,   11.27,   66.84,   13.82,   53.17,   23.40,   28.55,   47.34,   39.03,   65.19,   54.33,  128.89,   42.33,  159.37,   26.77,   49.41,  366.82,  254.18,   14.41,    8.42,   10.32,   23.64,   34.37,    5.87,   16.32,   12.96,   11.17,    7.25,    9.85,   10.07,   60.21,   41.17,   26.96,   36.57,   24.50,   16.33,   63.54,   87.55,   14.49,
   23.80,   21.57,   20.01,   45.30,   37.69,   41.98,   23.73,   83.16,   19.89,   26.00,   24.16,   11.27,   67.21,   14.17,   52.75,   23.98,   28.33,   46.81,   39.21,   65.02,   53.96,  128.41,   42.00,  160.14,   26.68,   49.24,  369.62,  258.21,   14.28,    8.42,   10.32,   23.90,   35.19,    5.84,   16.25,   12.96,   11.29,    7.36,    9.71,    9.99,   59.58,   40.82,   27.19,   36.89,   24.60,   16.37,   63.54,   86.75,   14.59,
   23.93,   21.78,   20.37,   46.20,   38.27,   42.60,   24.14,   85.03,   20.09,   27.05,   25.03,   11.42,   67.28,   14.44,   54.44,   24.87,   28.81,   47.11,   39.27,   65.68,   54.93,  131.75,   44.32,  166.33,   27.29,   49.33,  371.02,  260.04,   14.66,    8.45,   10.52,   24.34,   36.20,    5.89,   16.49,   12.96,   11.33,    7.22,    9.94,   10.12,   60.29,   41.73,   28.24,   37.43,   24.60,   16.54,   63.77,   92.37,   14.63,
   24.51,   22.05,   20.71,   46.13,   38.55,   43.29,   25.56,   90.62,   20.36,   26.66,   25.48,   11.35,   68.99,   14.38,   54.44,   25.15,   28.87,   46.89,   40.32,   67.49,   54.75,  133.90,   43.68,  164.01,   27.85,   49.67,  359.12,  263.70,   15.16,    8.65,   10.70,   24.85,   38.09,    5.96,   16.76,   13.18,   11.33,    7.30,   10.22,   10.29,   60.77,   42.08,   27.92,   37.16,   24.80,   17.03,   64.16,   91.97,   15.04,
   23.93,   22.08,   20.35,   45.64,   38.41,   43.49,   24.49,   86.89,   20.19,   26.00,   24.85,   10.99,   68.25,   14.09,   53.17,   24.35,   28.55,   45.98,   39.97,   67.33,   54.20,  131.27,   42.20,  167.10,   27.37,   49.85,  343.37,  254.91,   14.91,    8.60,   10.55,   24.15,   37.27,    5.94,   16.52,   12.90,   11.54,    7.19,   10.06,   10.17,   60.53,   42.01,   27.74,   36.53,   24.83,   16.87,   64.78,   91.57,   15.22,
   24.32,   22.23,   20.73,   46.20,   39.42,   43.84,   25.02,   89.50,   20.49,   26.31,   25.15,   11.06,   67.50,   13.95,   53.17,   24.84,   28.91,   46.13,   39.97,   67.66,   54.08,  129.60,   42.58,  164.01,   27.63,   49.93,  352.82,  254.91,   15.12,    8.74,   10.58,   24.91,   38.09,    6.35,   16.69,   13.09,   11.79,    7.25,   10.15,   10.29,   60.77,   42.37,   27.42,   36.80,   24.93,   17.32,   64.55,   87.95,   15.43,
   24.32,   22.33,   20.46,   46.33,   39.71,   43.90,   24.90,   89.13,   20.32,   25.80,   25.78,   10.99,   68.32,   14.28,   53.59,   24.91,   29.13,   46.21,   40.09,   67.49,   56.39,  130.08,   42.52,  167.10,   27.94,   49.93,  351.42,  253.44,   15.16,    8.77,   10.63,   24.75,   37.77,    6.55,   16.52,   13.02,   11.99,    7.13,   10.08,   10.26,   61.08,   42.01,   27.56,   37.74,   24.93,   17.37,   64.16,   87.55,   15.46,
   23.80,   22.23,   20.54,   46.13,   39.42,   43.08,   24.80,   87.26,   20.06,   25.80,   25.90,   10.99,   68.99,   13.92,   53.80,   24.60,   28.75,   46.66,   40.09,   66.34,   57.60,  129.60,   42.58,  163.23,   28.46,   49.76,  351.42,  250.88,   15.03,    8.74,   10.52,   24.88,   37.58,    6.42,   16.32,   12.86,   12.08,    7.00,    9.85,   10.21,   61.40,   41.80,   27.33,   40.35,   24.80,   17.12,   64.01,   88.75,   15.25,
   23.96,   22.27,   20.93,   46.26,   40.07,   43.77,   25.59,   87.26,   20.16,   26.00,   27.70,   11.52,   68.99,   14.28,   54.65,   25.15,   30.68,   47.94,   40.68,   67.25,   60.63,  130.32,   43.68,  166.33,   28.20,   49.93,  355.62,  253.44,   15.03,    8.80,   10.60,   24.53,   37.65,    6.45,   16.96,   12.90,   12.03,    7.13,    9.94,   10.26,   61.64,   41.73,   27.19,   41.56,   24.73,   17.24,   65.32,   86.75,   15.25,
   23.99,   22.08,   20.84,   46.20,   40.80,   44.66,   25.15,   86.89,   20.49,   25.72,   27.16,   11.70,   68.40,   14.84,   55.28,   25.24,   30.84,   48.17,   40.21,   67.41,   63.06,  131.99,   43.29,  168.26,   28.76,   50.11,  358.42,  253.44,   14.99,    8.83,   10.65,   24.53,   37.96,    6.47,   16.83,   12.96,   11.99,    7.41,   10.04,   10.24,   61.88,   42.23,   26.78,   41.83,   25.00,   17.24,   66.25,   86.75,   15.29,
   24.09,   22.08,   20.84,   45.51,   40.73,   43.49,   25.21,   87.26,   20.49,   26.00,   26.98,   11.74,   67.43,   15.17,   54.86,   26.04,   31.32,   46.73,   39.85,   67.25,   62.75,  131.99,   43.10,  168.26,   28.07,   50.11,  368.92,  259.30,   15.07,    8.94,   10.99,   24.59,   39.03,    6.50,   16.66,   12.90,   11.95,    7.55,   10.36,   10.54,   61.80,   41.66,   26.82,   42.46,   24.96,   17.37,   66.10,   87.55,   15.32,
   24.32,   22.20,   20.90,   45.71,   40.36,   43.01,   24.99,   88.01,   20.49,   26.62,   26.92,   11.81,   68.99,   15.74,   56.12,   25.83,   31.48,   46.36,   40.09,   69.96,   64.27,  138.43,   43.29,  168.65,   27.89,   49.76,  362.62,  258.57,   14.91,    8.88,   10.99,   24.59,   38.84,    6.44,   16.59,   12.83,   11.87,    7.52,   10.20,   10.61,   61.80,   42.16,   27.10,   43.81,   25.03,   17.24,   66.17,   87.15,   15.43,
   24.68,   22.27,   20.71,   45.58,   40.00,   43.22,   25.37,   86.89,   20.29,   26.35,   26.44,   12.20,   69.80,   15.57,   56.12,   25.76,   30.58,   46.81,   40.56,   68.89,   63.66,  142.97,   44.45,  167.49,   28.33,   49.93,  364.02,  254.18,   14.91,    8.83,   10.99,   24.91,   38.78,    6.46,   16.52,   12.83,   11.95,    7.47,   10.13,   10.61,   61.32,   42.16,   26.96,   43.99,   24.96,   17.28,   65.32,   87.55,   16.05,
   24.61,   22.20,   20.46,   44.95,   39.86,   43.97,   25.18,   85.77,   20.39,   26.66,   26.23,   11.99,   71.07,   15.57,   55.49,   25.33,   30.23,   46.51,   40.03,   68.23,   63.36,  142.01,   43.74,  167.88,   27.76,   49.93,  361.22,  252.71,   14.58,    8.74,   10.73,   24.81,   38.02,    6.35,   16.35,   12.70,   11.70,    7.33,   10.13,   10.41,   60.92,   41.87,   26.73,   43.18,   25.00,   16.95,   64.24,   85.94,   15.95,
   23.86,   21.60,   20.35,   44.54,   39.06,   42.32,   25.37,   84.65,   20.09,   27.37,   25.57,   11.77,   69.73,   15.25,   55.70,   24.84,   29.74,   46.66,   40.09,   67.90,   63.66,  137.24,   42.97,  167.88,   27.11,   49.59,  345.47,  245.02,   14.12,    8.62,   10.58,   24.56,   37.39,    6.23,   15.91,   12.48,   11.54,    7.19,    9.78,   10.21,   60.21,   41.94,   26.64,   41.88,   24.66,   16.87,   64.78,   82.73,   15.50,
   23.86,   21.75,   20.35,   44.54,   39.21,   42.94,   26.75,   86.14,   20.22,   28.43,   25.48,   11.77,   71.58,   15.06,   57.18,   24.72,   29.94,   46.43,   39.97,   68.56,   67.91,  138.91,   42.52,  169.42,   27.33,   49.76,  332.87,  241.72,   14.24,    8.71,   10.63,   24.85,   37.96,    6.28,   15.81,   12.54,   11.50,    7.33,    9.83,   10.19,   60.29,   41.10,   26.92,   43.54,   24.60,   17.03,   63.77,   85.14,   15.74,
   24.06,   21.90,   20.35,   45.71,   41.01,   44.59,   26.37,   83.91,   20.29,   27.64,   25.48,   11.77,   70.92,   14.79,   58.02,   24.91,   30.07,   46.43,   39.91,   68.73,   70.64,  142.01,   42.33,  170.20,   27.11,   50.11,  326.92,  237.33,   14.28,    8.77,   10.63,   25.07,   38.02,    6.32,   15.91,   12.61,   11.70,    7.49,    9.92,   10.21,   59.89,   41.38,   26.60,   42.55,   24.60,   17.08,   64.47,   83.94,   15.63,
   23.47,   21.60,   20.29,   45.58,   41.38,   43.90,   26.09,   82.79,   20.02,   28.03,   25.72,   11.63,   69.95,   14.92,   58.23,   25.15,   29.84,   46.28,   39.21,   67.90,   70.03,  149.18,   41.62,  173.29,   26.77,   50.28,  329.37,  244.65,   14.24,    8.68,   10.58,   25.00,   38.27,    6.34,   15.91,   12.61,   11.87,    7.55,    9.92,   10.14,   59.58,   41.66,   26.28,   42.19,   24.63,   16.91,   63.70,   82.33,   15.56,
   22.88,   21.36,   20.90,   44.82,   40.22,   42.67,   25.02,   81.30,   20.06,   27.13,   26.38,   11.27,   68.17,   14.63,   56.97,   24.26,   28.71,   45.68,   38.44,   65.68,   69.42,  147.74,   40.72,  177.93,   26.12,   49.93,  329.02,  243.92,   14.24,    8.60,   10.39,   24.47,   37.58,    6.23,   15.77,   12.26,   11.62,    7.22,    9.69,    9.97,   58.94,   41.87,   25.64,   40.75,   24.60,   16.66,   63.08,   83.13,   15.18,
   22.52,   20.85,   20.29,   44.06,   38.70,   42.39,   24.11,   76.82,   19.82,   27.45,   26.38,   11.20,   67.36,   14.06,   54.65,   24.54,   28.23,   45.53,   36.74,   62.80,   68.51,  142.73,   39.81,  177.93,   25.47,   49.85,  330.07,  240.26,   13.95,    8.37,   10.01,   23.39,   36.39,    6.00,   15.16,   11.78,   11.06,    6.83,    9.18,    9.64,   59.18,   41.17,   24.81,   39.72,   24.56,   16.21,   62.38,   82.73,   14.73,
   22.23,   20.88,   20.35,   43.58,   37.90,   42.25,   24.49,   76.82,   19.69,   26.70,   26.11,   11.56,   68.10,   14.14,   54.86,   25.49,   28.46,   45.30,   36.80,   64.20,   67.00,  145.59,   40.26,  181.80,   25.47,   49.85,  325.52,  241.72,   13.87,    8.28,    9.93,   23.39,   36.01,    6.01,   14.96,   11.84,   11.40,    6.80,    9.21,    9.57,   58.94,   41.17,   25.36,   39.45,   24.56,   16.17,   61.92,   82.73,   15.74,
   21.96,   20.67,   20.46,   43.51,   37.90,   42.19,   24.11,   77.57,   19.55,   26.90,   26.32,   11.38,   67.50,   14.63,   55.07,   24.97,   28.46,   45.15,   36.27,   63.38,   66.39,  145.12,   41.88,  174.07,   25.03,   49.50,  340.57,  248.68,   13.49,    8.25,    9.83,   23.64,   36.45,    5.97,   15.09,   11.74,   11.23,    6.75,    9.11,    9.52,   58.86,   41.03,   25.41,   39.45,   24.33,   16.12,   61.69,   81.53,   15.70,
   22.13,   20.64,   20.29,   43.30,   37.61,   41.98,   23.86,   78.31,   19.48,   26.94,   27.10,   11.17,   66.39,   14.92,   54.22,   24.84,   27.78,   44.70,   37.03,   63.54,   66.39,  143.92,   41.88,  177.93,   25.12,   49.41,  339.52,  245.39,   13.41,    8.31,    9.80,   24.24,   36.20,    5.98,   15.20,   11.62,   11.06,    6.72,    9.14,    9.52,   59.89,   41.73,   25.50,   40.26,   24.33,   16.12,   61.07,   78.96,   15.84,
   22.72,   21.24,   21.51,   43.92,   38.70,   43.15,   24.74,   80.55,   19.69,   27.92,   27.10,   11.31,   66.47,   15.01,   55.07,   25.15,   28.04,   45.00,   38.03,   64.28,   67.60,  146.55,   42.20,  190.31,   26.12,   49.59,  342.67,  246.49,   13.58,    8.42,   10.03,   24.59,   37.33,    6.17,   15.50,   12.42,   11.48,    7.08,    9.44,    9.82,   60.13,   42.16,   25.68,   41.11,   24.53,   16.66,   61.14,   78.71,   16.05,
   22.46,   21.03,   21.12,   43.37,   38.48,   42.74,   24.39,   80.55,   19.48,   27.68,   26.80,   11.06,   65.87,   14.79,   55.70,   24.75,   27.68,   45.07,   36.97,   64.04,   66.69,  145.36,   42.20,  200.76,   25.81,   49.33,  336.02,  249.05,   13.49,    8.34,    9.90,   24.56,   36.76,    6.07,   14.99,   12.22,   11.31,    6.86,    9.25,    9.74,   60.29,   42.01,   26.05,   40.03,   24.60,   16.37,   60.91,   79.12,   16.19,
   22.81,   20.97,   21.53,   43.64,   39.35,   43.70,   25.05,   79.81,   19.62,   28.15,   27.07,   11.31,   65.43,   15.06,   56.12,   25.15,   28.01,   45.30,   37.91,   64.53,   67.00,  146.07,   42.07,  197.27,   25.68,   49.67,  334.27,  251.25,   13.70,    8.42,   10.06,   24.40,   37.08,    6.11,   15.13,   12.45,   11.40,    6.97,    9.30,    9.87,   60.37,   42.08,   26.46,   40.48,   24.63,   16.37,   61.07,   78.71,   16.54,
   23.01,   21.24,   21.42,   44.54,   40.00,   44.32,   25.18,   82.79,   19.95,   28.39,   26.95,   11.20,   65.06,   15.03,   56.76,   25.15,   28.30,   45.30,   37.68,   62.88,   67.30,  147.27,   42.07,  197.27,   25.86,   50.02,  339.52,  256.37,   13.70,    8.68,   10.34,   24.69,   37.96,    6.39,   15.64,   12.70,   11.73,    7.13,    9.62,   10.12,   61.00,   42.37,   27.37,   42.01,   24.66,   16.75,   62.54,   80.72,   16.99,
   23.40,   21.33,   21.45,   45.44,   40.51,   44.93,   25.43,   83.53,   20.16,   27.88,   27.10,   11.13,   66.17,   15.11,   56.76,   25.70,   28.78,   45.68,   37.97,   63.38,   70.94,  151.56,   42.07,  201.14,   26.72,   50.02,  352.12,  265.16,   13.91,    8.83,   10.47,   24.78,   37.96,    6.39,   15.60,   12.77,   11.56,    7.05,    9.60,   10.14,   60.69,   42.08,   26.96,   42.19,   24.66,   16.87,   63.08,   79.52,   16.75,
   23.60,   21.27,   21.48,   45.85,   40.87,   45.35,   25.24,   82.79,   20.16,   27.88,   27.46,   11.67,   66.39,   15.41,   56.12,   26.81,   29.49,   46.96,   38.62,   64.45,   70.33,  153.95,   42.78,  202.69,   27.03,   49.85,  360.52,  265.16,   14.08,    8.85,   10.65,   24.94,   38.15,    6.45,   15.91,   12.80,   11.65,    7.19,    9.64,   10.19,   60.69,   43.21,   27.37,   42.01,   24.56,   16.95,   64.24,   80.00,   16.99,
   23.40,   21.21,   21.56,   45.99,   41.23,   46.38,   25.43,   80.92,   20.19,   27.84,   27.13,   11.74,   66.17,   15.47,   55.49,   26.47,   29.52,   46.96,   38.50,   67.58,   71.24,  155.14,   42.33,  198.43,   26.94,   49.85,  356.32,  261.87,   14.16,    8.94,   10.65,   24.94,   37.96,    6.55,   15.84,   12.77,   11.40,    7.25,    9.60,   10.14,   60.77,   42.86,   27.56,   42.28,   24.63,   16.95,   64.24,   80.16,   17.55,
   23.53,   21.27,   21.56,   45.58,   40.73,   45.96,   25.62,   82.42,   20.02,   28.03,   26.98,   11.88,   66.39,   15.47,   56.12,   26.50,   29.74,   46.66,   38.03,   67.58,   70.94,  153.47,   42.20,  195.73,   27.42,   49.93,  355.62,  266.63,   13.99,    8.85,   10.52,   24.53,   37.52,    6.48,   15.50,   12.58,   11.27,    7.02,    9.37,   10.14,   60.69,   42.79,   28.06,   42.28,   24.63,   16.87,   64.08,   80.72,   17.65,
   23.66,   21.39,   21.89,   46.20,   41.59,   47.96,   25.74,   81.30,   20.09,   29.41,   27.31,   12.02,   67.36,   15.63,   58.02,   27.05,   30.32,   47.11,   39.09,   67.82,   71.85,  153.95,   43.16,  196.11,   27.46,   50.11,  364.02,  271.76,   14.53,    8.97,   10.65,   25.07,   38.34,    6.55,   16.01,   12.86,   11.73,    7.11,    9.69,   10.36,   60.92,   42.93,   27.74,   43.54,   24.70,   17.12,   65.01,   82.73,   18.21,
   23.40,   21.12,   22.06,   45.85,   41.59,   47.27,   25.24,   81.30,   20.22,   28.94,   27.46,   12.10,   66.02,   15.41,   57.81,   27.17,   29.71,   47.26,   39.38,   68.32,   70.03,  155.62,   42.71,  192.25,   27.68,   50.02,  353.52,  267.36,   14.33,    8.77,   10.45,   24.34,   37.39,    6.41,   15.57,   12.38,   11.73,    6.91,    9.37,   10.09,   61.08,   42.79,   27.88,   41.38,   24.80,   16.87,   65.09,   85.54,   17.27,
   23.31,   21.06,   21.81,   45.58,   41.67,   46.72,   25.30,   79.43,   20.76,   29.25,   27.34,   11.92,   66.61,   15.06,   58.23,   26.96,   29.55,   47.49,   39.68,   68.32,   70.94,  154.19,   42.39,  194.57,   27.46,   50.19,  356.32,  272.49,   14.24,    8.74,   10.29,   24.09,   37.02,    6.37,   15.64,   12.32,   12.02,    6.75,    9.44,    9.99,   60.84,   43.42,   27.88,   40.84,   24.70,   16.79,   65.94,   85.14,   17.20,
   23.01,   21.06,   21.53,   45.64,   41.81,   46.10,   25.12,   77.94,   20.63,   29.09,   26.98,   11.85,   65.87,   15.25,   57.60,   26.56,   29.07,   47.49,   40.27,   68.32,   70.94,  152.99,   42.71,  204.24,   27.16,   49.85,  364.02,  275.42,   14.41,    8.74,   10.37,   24.18,   36.89,    6.33,   15.88,   12.26,   12.02,    6.69,    9.28,    9.92,   60.69,   42.44,   27.78,   40.84,   24.73,   16.79,   65.48,   85.94,   17.09,
   22.78,   21.09,   21.48,   44.89,   40.80,   45.83,   24.93,   77.94,   20.73,   28.90,   26.56,   11.38,   65.87,   14.65,   56.97,   26.07,   28.26,   46.58,   39.74,   66.75,   71.24,  152.28,   41.62,  205.55,   27.33,   49.93,  370.32,  269.56,   14.37,    8.62,   10.16,   23.67,   36.20,    6.26,   15.47,   12.06,   11.86,    6.55,    9.14,    9.82,   60.69,   42.51,   27.33,   40.26,   24.73,   16.66,   64.08,   85.14,   17.02,
   22.85,   21.00,   21.56,   44.47,   40.07,   45.69,   24.61,   76.82,   20.69,   28.98,   26.38,   11.20,   65.72,   14.60,   58.23,   26.25,   28.07,   46.81,   38.62,   66.26,   70.94,  152.76,   41.68,  196.11,   27.42,   50.11,  367.52,  269.56,   14.41,    8.68,   10.21,   23.55,   36.32,    6.34,   15.30,   12.03,   11.86,    6.61,    9.11,    9.79,   60.77,   42.58,   27.65,   39.99,   24.76,   16.70,   64.47,   84.34,   16.85,
   23.08,   21.09,   21.95,   45.23,   40.73,   46.72,   24.65,   78.31,   20.73,   28.90,   26.95,   11.27,   66.24,   14.79,   58.23,   26.01,   28.26,   47.11,   39.21,   66.75,   70.33,  154.90,   41.68,  194.47,   27.29,   50.11,  360.52,  267.36,   14.16,    8.71,   10.29,   23.61,   36.76,    6.38,   15.23,   12.16,   11.69,    6.55,    9.30,    9.87,   61.00,   42.58,   27.69,   40.03,   24.76,   16.83,   64.55,   85.14,   17.20,
   22.88,   21.06,   21.92,   45.58,   41.23,   47.13,   24.93,   78.31,   20.83,   29.25,   26.83,   11.45,   65.95,   14.79,   57.81,   26.65,   28.17,   47.34,   38.62,   67.82,   69.73,  157.05,   42.00,  196.52,   28.41,   50.19,  357.72,  268.83,   14.28,    8.83,   10.39,   23.86,   37.02,    6.47,   15.43,   12.38,   11.81,    6.77,    9.25,    9.99,   61.24,   42.58,   28.10,   41.34,   24.83,   16.75,   64.63,   85.54,   17.06,
   22.78,   21.00,   21.62,   45.16,   40.51,   46.72,   24.83,   79.81,   20.69,   29.33,   26.65,   11.42,   67.73,   14.68,   58.44,   26.90,   27.81,   46.81,   38.62,   67.08,   69.42,  155.14,   42.13,  194.88,   29.11,   50.11,  361.92,  273.95,   14.12,    8.74,   10.39,   23.90,   36.64,    6.41,   15.33,   12.13,   11.56,    6.66,    9.02,    9.94,   61.24,   42.58,   28.33,   42.01,   24.80,   16.70,   64.78,   90.76,   16.89,
   22.06,   20.43,   20.48,   43.78,   39.13,   45.14,   23.55,   76.82,   20.19,   28.50,   25.51,   11.13,   65.72,   14.06,   56.97,   26.13,   27.04,   45.30,   37.68,   65.44,   67.30,  150.37,   40.65,  182.98,   28.50,   49.67,  352.82,  265.53,   13.49,    8.37,    9.80,   22.79,   35.25,    6.11,   14.31,   11.52,   10.89,    6.30,    8.47,    9.47,   60.05,   42.23,   27.83,   40.48,   24.60,   16.00,   62.69,   90.76,   16.19,
   21.93,   20.58,   20.84,   44.06,   39.42,   45.62,   23.61,   77.19,   20.39,   28.50,   25.84,   11.27,   67.06,   13.82,   57.39,   26.19,   27.30,   46.13,   38.03,   65.93,   68.21,  152.52,   41.88,  184.63,   28.67,   49.85,  354.92,  267.36,   13.78,    8.45,    9.85,   23.14,   35.25,    6.23,   14.75,   11.62,   10.89,    6.33,    8.56,    9.49,   59.89,   42.58,   27.01,   41.02,   24.60,   16.54,   63.00,   91.97,   16.26,
   22.65,   20.79,   20.98,   44.54,   40.73,   46.72,   23.92,   77.19,   20.46,   28.27,   26.20,   11.35,   66.76,   13.52,   58.02,   26.32,   27.20,   45.83,   38.62,   67.99,   67.30,  153.23,   41.94,  179.70,   29.76,   50.11,  357.02,  270.29,   13.53,    8.62,   10.06,   23.64,   36.01,    6.37,   15.16,   12.13,   11.10,    6.72,    8.79,    9.69,   60.61,   42.86,   27.24,   42.24,   24.86,   16.54,   63.47,   91.57,   16.54,
   22.29,   21.06,   21.34,   45.44,   40.51,   46.58,   24.17,   79.81,   20.29,   28.35,   25.87,   11.45,   65.87,   14.28,   58.23,   26.35,   27.88,   45.90,   38.15,   67.82,   67.30,  152.28,   42.58,  180.93,   29.93,   49.85,  357.02,  269.19,   13.74,    8.51,   10.03,   23.77,   35.95,    6.32,   15.16,   12.00,   10.94,    6.75,    8.86,    9.62,   61.24,   43.07,   26.92,   41.83,   24.80,   16.46,   63.47,   93.57,   16.99,
   22.29,   20.85,   21.23,   45.64,   41.01,   46.45,   24.43,   79.43,   20.22,   28.47,   26.38,   11.38,   65.50,   14.03,   58.44,   26.10,   28.04,   46.43,   38.44,   67.49,   67.30,  151.80,   42.52,  180.52,   29.93,   50.11,  354.22,  267.73,   13.62,    8.60,   10.03,   23.83,   37.02,    6.31,   15.16,   11.90,   11.10,    6.77,    9.14,    9.69,   60.84,   42.58,   26.41,   41.52,   24.90,   16.58,   63.77,   93.17,   16.89,
   22.03,   20.76,   21.01,   45.16,   40.65,   46.58,   24.05,   78.69,   20.26,   28.31,   26.14,   11.27,   65.80,   14.22,   58.23,   25.70,   27.65,   46.43,   38.21,   67.66,   67.60,  150.37,   42.00,  183.39,   29.50,   50.19,  352.12,  261.50,   13.58,    8.51,    9.85,   23.52,   36.89,    6.26,   14.82,   11.68,   10.98,    6.80,    8.95,    9.52,   60.29,   41.87,   26.05,   41.38,   24.80,   16.37,   63.23,   89.96,   17.23,
   22.19,   20.52,   21.26,   45.58,   41.09,   47.06,   24.21,   80.18,   20.56,   28.62,   26.56,   11.67,   66.76,   15.01,   58.44,   26.44,   28.23,   47.19,   38.62,   68.73,   68.82,  153.95,   44.19,  196.11,   30.49,   50.11,  370.32,  254.54,   14.12,    8.80,   10.24,   23.74,   37.14,    6.34,   15.13,   11.84,   11.31,    6.86,    9.07,    9.69,   60.29,   42.16,   26.73,   42.37,   24.86,   16.62,   63.39,   90.36,   17.27,
   22.13,   20.40,   21.62,   45.64,   40.73,   46.58,   23.83,   78.31,   20.46,   28.31,   26.77,   11.67,   66.76,   14.84,   58.87,   26.41,   27.75,   47.11,   39.85,   69.80,   69.12,  152.76,   43.81,  209.65,   30.36,   50.19,  371.72,  254.54,   13.95,    8.74,   10.21,   23.80,   36.76,    6.30,   14.96,   11.81,   11.06,    6.77,    9.09,    9.54,   60.13,   41.87,   26.73,   42.37,   24.90,   16.25,   63.54,   88.35,   17.30,
   22.19,   20.52,   21.45,   45.23,   40.36,   46.45,   24.05,   81.30,   20.49,   28.43,   26.65,   11.49,   69.73,   14.71,   59.71,   26.65,   27.14,   47.11,   39.56,   69.96,   68.51,  154.66,   43.49,  212.52,   30.49,   50.19,  369.62,  251.25,   13.95,    8.68,   10.27,   23.80,   36.64,    6.28,   15.26,   11.65,   11.06,    6.69,    8.98,    9.62,   59.89,   42.16,   26.41,   42.06,   25.00,   16.54,   63.00,   94.38,   17.30,
   21.90,   20.16,   20.73,   44.47,   40.00,   45.96,   23.61,   79.81,   20.12,   27.96,   26.14,   11.35,   68.69,   14.60,   58.66,   26.56,   26.40,   46.28,   38.97,   69.88,   71.55,  151.80,   42.97,  201.86,   30.06,   50.11,  362.62,  252.71,   13.74,    8.60,   10.03,   23.29,   35.69,    6.23,   14.79,   11.62,   10.77,    6.61,    8.86,    9.47,   59.42,   41.87,   25.82,   40.89,   25.00,   16.37,   61.92,   97.19,   16.82,
   22.26,   20.28,   21.67,   45.30,   40.51,   46.72,   23.86,   80.92,   20.86,   28.27,   26.23,   11.42,   69.66,   14.76,   59.08,   27.27,   26.69,   47.26,   39.91,   70.95,   71.85,  153.71,   43.10,  203.50,   30.67,   50.19,  364.02,  251.98,   13.95,    8.62,   10.16,   23.58,   35.95,    6.32,   15.09,   11.71,   10.85,    6.64,    8.98,    9.57,   59.42,   42.16,   25.87,   41.38,   25.06,   16.46,   63.08,   98.39,   17.37,
   22.39,   20.49,   21.89,   45.44,   40.87,   46.72,   24.74,   81.67,   21.43,   28.35,   26.50,   11.38,   69.06,   14.65,   59.08,   26.90,   26.69,   47.34,   40.50,   71.86,   71.24,  142.97,   43.36,  201.45,   31.01,   50.28,  367.52,  253.44,   13.99,    8.68,   10.19,   23.64,   35.82,    6.33,   14.96,   11.65,   10.73,    6.61,    8.88,    9.62,   59.66,   42.51,   25.64,   40.84,   25.10,   16.41,   63.16,   97.99,   17.72,
   22.26,   20.58,   22.00,   45.44,   41.16,   47.06,   24.49,   80.55,   21.30,   28.15,   26.74,   11.38,   69.36,   14.71,   58.66,   27.14,   26.49,   47.34,   40.38,   71.44,   70.94,  134.38,   43.42,  189.55,   30.62,   50.54,  366.12,  251.98,   13.91,    8.60,   10.21,   23.99,   36.01,    6.33,   15.09,   11.58,   10.64,    6.66,    8.84,    9.62,   59.50,   42.86,   26.09,   40.57,   25.10,   16.29,   63.23,   97.19,   17.58,
   22.00,   20.46,   21.67,   44.82,   40.51,   46.58,   24.74,   79.81,   21.00,   28.15,   26.38,   11.35,   68.69,   14.52,   58.44,   26.68,   25.98,   46.66,   39.85,   69.47,   70.64,  134.85,   42.91,  190.37,   30.02,   50.37,  367.52,  250.88,   13.91,    8.51,   10.06,   23.48,   35.44,    6.25,   14.99,   11.39,   10.43,    6.47,    8.68,    9.47,   59.02,   42.58,   26.73,   40.75,   25.10,   16.17,   62.38,   96.38,   17.30,
   21.90,   20.25,   21.67,   45.16,   40.07,   47.13,   24.36,   80.55,   21.03,   27.96,   26.44,   11.17,   69.43,   14.92,   59.08,   26.38,   25.91,   46.96,   40.09,   71.36,   70.94,  136.53,   43.94,  188.32,   30.58,   50.28,  369.62,  251.98,   13.74,    8.48,   10.06,   23.61,   35.63,    6.27,   14.69,   11.39,   10.31,    6.33,    8.65,    9.52,   59.02,   42.93,   26.41,   40.89,   24.96,   16.21,   62.85,   94.78,   17.09,
   22.10,   20.43,   21.53,   45.16,   40.36,   46.72,   24.36,   80.55,   21.03,   28.15,   26.38,   11.13,   69.88,   15.01,   58.66,   26.68,   26.56,   46.73,   39.68,   71.53,   70.03,  135.81,   44.71,  188.32,   31.10,   50.45,  370.32,  250.51,   13.78,    8.48,   10.03,   23.64,   35.82,    6.26,   14.45,   11.52,   10.26,    6.39,    8.70,    9.57,   58.70,   43.14,   26.55,   40.84,   25.10,   16.33,   63.16,   93.17,   17.37,
   22.03,   20.34,   21.31,   45.02,   40.36,   47.20,   24.17,   80.55,   20.90,   27.84,   26.53,   11.42,   71.88,   15.20,   58.44,   26.65,   27.36,   46.96,   39.91,   74.74,   70.64,  133.90,   44.45,  188.32,   32.87,   50.45,  369.62,  253.08,   13.91,    8.48,    9.98,   23.93,   35.57,    6.26,   14.28,   11.49,   10.35,    6.42,    8.65,    9.47,   59.10,   43.00,   26.32,   41.56,   25.10,   16.21,   63.16,   96.38,   17.13,
   21.96,   20.43,   21.67,   45.23,   40.87,   47.55,   24.49,   82.04,   21.20,   27.72,   26.59,   11.70,   73.81,   15.22,   59.29,   26.71,   27.43,   47.49,   39.74,   74.90,   70.33,  136.29,   44.71,  191.19,   33.18,   50.37,  375.22,  253.08,   14.03,    8.54,   10.01,   24.09,   36.26,    6.36,   14.52,   11.58,   10.60,    6.53,    8.79,    9.59,   59.73,   42.93,   26.87,   41.61,   25.10,   16.37,   63.47,   98.79,   17.34,
   21.83,   20.37,   21.73,   45.44,   41.09,   47.41,   24.52,   81.30,   21.13,   27.72,   26.74,   11.88,   73.29,   15.52,   60.98,   26.93,   27.55,   47.87,   40.03,   75.81,   72.76,  137.72,   44.52,  204.32,   32.74,   50.54,  378.02,  253.08,   14.03,    8.60,   10.09,   24.12,   36.51,    6.35,   14.62,   11.62,   10.64,    6.55,    8.98,    9.59,   59.81,   42.86,   27.14,   41.88,   25.00,   16.37,   63.23,   98.79,   17.37,
   21.96,   20.58,   21.59,   45.85,   41.88,   47.96,   25.12,   83.53,   21.23,   27.76,   26.92,   11.85,   72.70,   15.38,   62.88,   26.78,   27.49,   48.02,   40.27,   78.19,   72.76,  140.82,   45.03,  218.27,   32.83,   50.97,  381.52,  252.71,   14.03,    8.62,   10.11,   24.12,   36.64,    6.39,   14.75,   11.68,   10.64,    6.61,    9.02,    9.62,   59.89,   43.28,   26.96,   41.47,   25.16,   16.37,   63.77,   97.59,   17.37,
   22.00,   20.49,   21.45,   45.64,   41.59,   47.96,   24.80,   82.04,   21.37,   27.96,   27.01,   11.77,   73.14,   15.36,   62.24,   26.65,   27.49,   47.87,   40.21,   77.95,   72.46,  142.25,   44.84,  233.45,   32.92,   51.58,  381.52,  259.67,   14.08,    8.62,   10.14,   24.18,   36.51,    6.39,   14.72,   11.71,   10.68,    6.61,    9.00,    9.62,   59.97,   43.56,   27.19,   41.56,   25.33,   16.37,   63.47,   97.19,   17.37,
   22.36,   20.70,   21.67,   46.06,   42.03,   47.96,   24.87,   83.16,   21.47,   28.82,   26.71,   12.02,   73.07,   15.52,   63.30,   26.68,   27.91,   48.09,   40.50,   77.29,   73.36,  146.07,   45.42,  234.68,   33.13,   51.66,  381.52,  257.47,   14.20,    8.71,   10.24,   24.59,   37.33,    6.47,   15.30,   11.84,   10.94,    6.97,    9.11,    9.79,   60.13,   43.49,   27.33,   42.33,   25.39,   16.54,   64.24,   97.99,   17.51,
   22.13,   20.70,   21.67,   46.06,   41.95,   47.82,   24.74,   83.53,   21.37,   28.74,   27.01,   12.06,   73.07,   15.52,   63.30,   26.62,   27.68,   47.79,   40.85,   77.45,   73.06,  148.70,   44.77,  246.99,   32.96,   51.40,  379.42,  256.74,   14.41,    8.71,   10.24,   24.50,   36.95,    6.44,   15.43,   11.81,   10.85,    6.97,    9.07,    9.77,   60.05,   43.56,   27.19,   42.42,   25.20,   16.41,   63.47,   97.99,   17.65,
   22.23,   20.70,   21.70,   45.92,   42.03,   47.55,   24.80,   83.91,   21.53,   28.86,   28.90,   12.17,   73.44,   15.52,   63.09,   26.96,   27.81,   48.24,   40.79,   78.60,   73.36,  147.74,   44.65,  251.09,   33.35,   51.40,  388.52,  258.94,   14.62,    8.74,   10.27,   24.72,   37.14,    6.51,   15.60,   11.90,   10.89,    6.97,    9.21,    9.82,   60.05,   43.91,   27.88,   42.46,   25.20,   16.54,   63.70,   98.79,   17.65,
   22.23,   20.82,   21.81,   46.40,   42.17,   47.68,   25.12,   85.03,   22.17,   28.82,   28.81,   12.27,   74.18,   15.60,   63.93,   27.21,   27.91,   48.70,   40.85,   79.18,   75.18,  147.50,   44.84,  268.32,   33.61,   51.49,  390.62,  268.46,   14.87,    8.77,   10.39,   24.91,   37.58,    6.82,   15.98,   11.84,   11.14,    7.13,    9.18,    9.89,   60.37,   43.91,   28.38,   42.69,   25.36,   16.62,   63.77,   98.39,   17.65,
   22.42,   20.79,   21.51,   46.20,   41.67,   47.34,   24.99,   85.03,   22.91,   28.19,   28.42,   12.13,   74.55,   15.79,   63.93,   26.99,   27.91,   49.00,   40.62,   81.32,   73.97,  147.27,   44.39,  260.12,   34.56,   51.32,  396.92,  267.73,   15.12,    8.74,   10.29,   24.85,   37.46,    6.89,   15.88,   11.90,   11.06,    7.02,    9.21,    9.84,   60.29,   44.13,   28.10,   45.61,   25.33,   16.62,   63.77,   98.79,   17.58,
   23.21,   21.24,   21.20,   46.75,   42.97,   47.82,   25.34,   90.62,   22.94,   28.03,   28.60,   12.27,   74.03,   16.28,   64.35,   26.87,   28.01,   48.70,   40.09,   82.31,   73.97,  147.03,   44.07,  267.91,   34.61,   51.40,  397.62,  272.49,   15.66,    8.74,   10.37,   25.00,   37.39,    6.94,   15.67,   12.03,   11.10,    7.00,    9.21,    9.92,   60.53,   44.20,   28.42,   45.70,   25.26,   16.62,   64.24,  104.82,   18.14,
   23.70,   21.39,   21.53,   48.26,   45.57,   51.05,   26.18,   90.62,   23.01,   28.03,   28.78,   13.13,   73.74,   16.41,   63.93,   27.11,   28.33,   49.00,   40.62,   82.31,   73.97,  153.95,   44.71,  276.12,   36.38,   51.58,  402.52,  273.59,   15.41,    8.85,   10.55,   25.80,   38.02,    6.96,   16.01,   12.16,   11.65,    7.08,    9.48,   10.04,   60.61,   43.99,   29.98,   47.68,   25.26,   16.79,   65.63,  107.63,   18.03,
   23.24,   21.15,   21.01,   48.26,   45.93,   50.64,   25.74,   90.99,   22.84,   27.37,   28.48,   13.13,   72.40,   17.09,   63.30,   27.73,   30.03,   48.47,   40.85,   79.84,   72.76,  155.86,   44.32,  269.14,   35.65,   50.54,  392.72,  262.23,   15.49,    8.83,   10.55,   25.39,   37.65,    6.94,   15.74,   12.03,   11.27,    6.94,    9.39,    9.89,   60.84,   42.65,   29.75,   46.87,   24.76,   16.66,   66.17,  105.62,   17.89,
   23.14,   21.27,   21.01,   48.68,   46.01,   49.47,   26.18,   89.87,   23.41,   27.41,   28.48,   12.99,   72.33,   17.09,   63.51,   27.97,   29.90,   48.32,   40.85,   81.24,   72.76,  157.53,   44.13,  262.58,   36.12,   50.28,  385.02,  268.46,   16.32,    8.91,   10.52,   25.51,   38.02,    7.03,   15.91,   12.13,   11.61,    6.97,    9.44,    9.94,   61.08,   42.65,   29.84,   48.67,   24.93,   16.70,   66.33,  109.24,   18.10,
   22.72,   21.12,   21.09,   49.16,   47.02,   50.16,   26.22,   90.62,   23.72,   27.45,   28.66,   13.27,   73.29,   16.93,   62.66,   28.34,   29.62,   48.70,   40.97,   80.66,   72.46,  157.05,   44.65,  260.53,   36.04,   50.63,  390.62,  270.29,   16.70,    9.00,   10.47,   25.35,   37.71,    7.24,   15.94,   12.13,   11.65,    7.00,    9.39,    9.84,   61.16,   43.21,   29.93,   50.20,   25.43,   16.70,   66.95,  113.25,   18.10,
   22.59,   21.27,   20.93,   48.95,   47.02,   49.47,   25.68,   90.62,   23.65,   27.80,   28.78,   13.09,   72.70,   16.87,   62.45,   28.40,   29.04,   48.02,   41.15,   80.66,   74.27,  159.68,   44.71,  270.78,   35.39,   50.80,  390.62,  275.05,   16.57,    8.97,   10.50,   25.20,   37.71,    7.13,   15.98,   12.06,   11.52,    6.89,    9.32,    9.72,   60.37,   43.56,   30.12,   50.20,   25.30,   16.62,   66.56,  116.06,   18.14,
   22.23,   21.03,   20.76,   48.26,   46.58,   48.58,   24.99,   89.13,   23.08,   27.33,   28.24,   12.74,   71.44,   16.38,   61.40,   28.49,   28.97,   47.41,   41.09,   80.33,   72.76,  157.53,   44.26,  262.58,   34.39,   50.71,  382.92,  274.32,   15.91,    8.83,   10.29,   24.59,   36.95,    7.03,   15.57,   11.84,   11.23,    6.75,    9.18,    9.59,   60.29,   43.00,   29.20,   48.13,   25.03,   16.41,   65.17,  113.25,   17.93,
   22.36,   21.06,   20.76,   48.82,   46.51,   48.51,   25.49,   90.25,   23.45,   27.37,   28.66,   12.81,   72.85,   16.60,   63.09,   29.48,   29.42,   47.72,   41.56,   83.96,   73.67,  162.54,   45.42,  261.76,   34.91,   50.54,  401.12,  277.25,   16.32,    8.88,   10.29,   24.69,   37.14,    7.03,   15.64,   11.87,   11.35,    6.77,    9.11,    9.59,   60.61,   43.28,   29.66,   48.76,   25.03,   16.54,   65.01,  115.26,   18.00,
   22.52,   21.03,   20.73,   48.61,   46.37,   48.78,   25.90,   91.74,   23.35,   27.68,   28.69,   12.84,   72.77,   16.41,   64.35,   29.44,   29.23,   47.94,   41.74,   84.78,   78.52,  167.55,   45.81,  278.17,   35.47,   50.54,  408.82,  276.52,   16.45,    8.88,   10.32,   24.85,   37.14,    7.06,   15.81,   11.90,   11.35,    6.91,    9.11,    9.64,   60.13,   43.84,   29.84,   51.19,   25.26,   16.58,   65.01,  111.65,   18.10,
   22.36,   20.73,   20.57,   48.13,   46.58,   48.30,   25.49,   91.37,   23.11,   27.05,   29.08,   12.74,   73.14,   16.14,   63.72,   29.81,   28.62,   47.49,   41.32,   83.54,   83.98,  166.84,   46.06,  278.99,   34.65,   50.54,  410.22,  274.69,   16.07,    8.80,   10.27,   24.78,   37.14,    7.03,   15.57,   11.84,   11.14,    6.77,    9.07,    9.64,   60.29,   43.84,   29.34,   50.83,   25.26,   16.50,   64.70,  111.65,   18.10,
   22.46,   20.73,   20.73,   47.09,   46.15,   48.09,   25.24,   89.13,   22.94,   26.47,   28.72,   12.52,   72.77,   16.09,   62.88,   29.14,   28.87,   47.19,   39.97,   83.13,   82.76,  160.39,   45.03,  262.17,   33.70,   50.45,  399.02,  272.49,   15.82,    8.77,   10.29,   24.69,   37.65,    6.96,   15.40,   11.74,   11.48,    6.64,    8.98,    9.57,   59.97,   43.99,   29.57,   49.12,   25.20,   16.33,   64.24,  109.24,   18.24,
   22.23,   20.46,   20.79,   46.89,   46.58,   48.09,   24.99,   89.13,   22.98,   25.68,   28.06,   12.92,   73.37,   15.63,   62.24,   28.34,   28.87,   47.56,   39.85,   81.07,   84.28,  158.96,   44.19,  262.17,   33.31,   50.28,  403.22,  269.56,   16.41,    8.62,   10.09,   24.28,   36.89,    6.82,   14.96,   11.65,   11.44,    6.47,    8.75,    9.49,   59.81,   43.63,   28.84,   48.58,   25.20,   16.21,   65.17,  107.23,   18.21,
   22.16,   20.31,   20.62,   46.82,   46.51,   48.30,   23.42,   86.52,   22.84,   25.56,   27.61,   12.84,   72.18,   15.22,   61.61,   27.88,   28.39,   47.26,   39.38,   79.43,   81.25,  160.63,   43.61,  244.12,   33.09,   50.28,  385.02,  269.93,   16.45,    8.71,   10.14,   24.28,   36.76,    6.74,   14.62,   11.74,   11.35,    6.47,    8.77,    9.49,   59.58,   44.06,   29.06,   47.23,   25.10,   16.21,   65.09,  111.65,   17.86,
   20.79,   19.71,   19.96,   46.06,   46.51,   48.16,   23.23,   83.16,   22.14,   25.13,   26.38,   12.63,   70.18,   14.65,   58.23,   27.54,   27.30,   46.13,   38.80,   75.23,   75.79,  153.47,   42.20,  237.14,   33.00,   50.28,  366.12,  268.83,   15.87,    8.60,    9.90,   23.64,   35.76,    6.49,   14.24,   11.55,   10.94,    6.28,    8.59,    9.24,   59.34,   43.56,   28.38,   48.22,   25.36,   16.00,   64.08,  106.43,   17.27,
   20.92,   19.47,   19.79,   45.78,   46.01,   47.82,   23.23,   84.28,   21.70,   25.17,   25.78,   12.42,   70.10,   14.74,   58.87,   27.51,   27.14,   45.60,   38.86,   77.37,   80.64,  148.46,   42.33,  232.22,   33.00,   50.28,  368.22,  268.46,   15.41,    8.42,    9.88,   23.58,   35.32,    6.35,   14.14,   11.46,   10.73,    6.11,    8.49,    9.12,   59.18,   43.49,   27.60,   47.68,   25.26,   15.84,   63.47,  104.42,   17.09,
   19.87,   18.71,   18.69,   44.27,   44.85,   47.13,   22.60,   80.18,   21.50,   23.72,   24.46,   11.77,   68.25,   14.30,   57.60,   26.56,   26.81,   45.38,   37.09,   74.41,   77.31,  144.16,   41.36,  226.47,   31.96,   50.28,  361.22,  263.33,   14.70,    8.16,    9.49,   22.94,   33.99,    6.16,   13.67,   11.07,   10.26,    5.86,    8.13,    8.87,   57.35,   42.93,   26.69,   44.40,   25.13,   15.38,   62.15,   99.60,   16.36,
   19.64,   18.38,   18.85,   45.23,   44.70,   47.75,   22.35,   79.06,   21.63,   23.96,   24.61,   11.70,   69.36,   13.79,   56.12,   26.75,   27.10,   45.00,   38.21,   76.55,   79.43,  141.30,   41.36,  213.34,   31.75,   50.28,  365.42,  245.02,   14.91,    8.28,    9.52,   23.14,   34.06,    6.18,   13.60,   10.98,   10.26,    5.75,    8.08,    8.94,   57.91,   43.42,   26.87,   45.43,   25.53,   15.63,   62.61,  106.43,   16.43,
   19.94,   18.59,   18.99,   45.85,   44.27,   47.34,   22.54,   80.55,   21.94,   24.35,   24.91,   11.77,   70.18,   14.30,   57.39,   27.60,   27.94,   45.30,   38.09,   76.46,   78.82,  147.98,   41.55,  221.96,   32.92,   50.28,  366.12,  238.79,   14.99,    8.28,    9.54,   23.67,   34.62,    6.27,   13.80,   11.01,   10.56,    5.86,    8.24,    8.97,   57.91,   42.72,   28.10,   48.31,   25.49,   15.71,   62.61,  106.02,   16.89,
   19.51,   18.23,   18.91,   45.92,   43.40,   47.61,   22.10,   77.94,   21.84,   24.11,   24.40,   11.45,   71.96,   13.74,   56.76,   27.36,   27.30,   46.43,   38.68,   73.83,   76.70,  147.98,   41.17,  215.40,   31.06,   50.28,  364.02,  230.74,   15.41,    8.31,    9.57,   23.71,   34.12,    6.18,   13.87,   11.07,   10.26,    5.83,    8.06,    8.92,   58.31,   43.56,   27.83,   47.32,   25.79,   15.50,   62.30,  108.83,   16.71,
